prompt,trained_clip,trained_imagereward,trained_vqa,trained_dsg,baseline_clip,baseline_imagereward,baseline_vqa,baseline_dsg,delta_clip,delta_imagereward,delta_vqa,delta_dsg
A green colored rabbit.,0.2917480578025182,0.1642831031853954,0.8136440008878708,0.9239359304308892,0.28800389369328816,-0.38272927328944206,0.7255354354778926,0.9343489180008571,0.0037441641092300637,0.5470123764748375,0.08810856540997825,-0.010412987569967891
A cat and a dog.,0.22071246753136317,0.2654727499932051,0.6202116174002489,0.6207025662064553,0.21683090726534526,0.045547668760021524,0.5489800266921521,0.5505572691559791,0.0038815602660179083,0.21992508123318355,0.07123159070809681,0.07014529705047612
Four wolves in the park.,0.2692583362261454,1.2149942755699157,0.7421722362438837,0.8389447276790937,0.26810326079527536,1.1948034425576528,0.7325032969315847,0.8352772608399391,0.0011550754308700673,0.020190833012262877,0.009668939312299063,0.0036674668391545318
A dog on the moon.,0.2536884993314743,-0.8847629000199959,0.42329732750852905,0.4419601107637087,0.252885602414608,-0.8413147374987602,0.41339944501717885,0.44206503704190253,0.0008028969168663025,-0.043448162521235734,0.009897882491350207,-0.00010492627819380651
