prompt,trained_clip,trained_imagereward,trained_vqa,trained_dsg,baseline_clip,baseline_imagereward,baseline_vqa,baseline_dsg,delta_clip,delta_imagereward,delta_vqa,delta_dsg
A green colored rabbit.,0.3145261953274409,1.366220135241747,0.9771701951821645,0.9499807725350062,0.28800389369328816,-0.38272927328944206,0.7255354354778926,0.9343489180008571,0.026522301634152756,1.748949408531189,0.25163475970427196,0.01563185453414917
